index,url,title,,
0,https://www.edx.org/course/chronic-disease-treatment-lifestyle-doanex-hph-102x,Chronic Disease Treatment with Lifestyle Medicine,,
1,https://www.edx.org/course/sustainable-energy-capstone-uqx-engycapx,Sustainable Energy Capstone,,
2,https://www.edx.org/course/cybersecurity-capstone-ritx-cyber525x-0,Cybersecurity Capstone,,
3,https://www.edx.org/course/ux-user-experience-capstone-michiganx-ux509x,UX (User Experience) Capstone,,
4,https://www.edx.org/course/project-management-micromasters-capstone-ritx-pm9004x-0,Project Management MicroMasters Capstone Exam,,
5,https://www.edx.org/course/health-coaching-patient-care-doanex-hph-103x,Health Coaching for Patient Care,,
6,https://www.edx.org/course/corporate-innovation-capstone-assessment-uqx-corpinn5x,Corporate Innovation Capstone Assessment,,
7,https://www.edx.org/course/marketing-analytics-columbiax-bamm-104x,Marketing Analytics,,
8,https://www.edx.org/course/analytics-python-columbiax-bamm-101x-0,Analytics in Python,,
9,https://www.edx.org/course/demand-supply-analytics-columbiax-bamm-103x-0,Demand and Supply Analytics,,
10,https://www.edx.org/course/data-models-decisions-business-analytics-columbiax-bamm-102x-0,Data, Models and Decisions in Business Analytics,
11,https://www.edx.org/course/big-data-analytics-using-spark-uc-san-diegox-dse230x,Big Data Analytics Using Spark,,
12,https://www.edx.org/course/machine-learning-fundamentals-uc-san-diegox-dse220x,Machine Learning Fundamentals,,
13,https://www.edx.org/course/robotics-dynamics-control-pennx-robo3x,Robotics: Dynamics and Control,,
14,https://www.edx.org/course/robotics-fundamentals-pennx-robo1x,Robotics: Fundamentals,,
15,https://www.edx.org/course/robotics-locomotion-engineering-pennx-robo4x,Robotics: Locomotion Engineering,,
16,https://www.edx.org/course/robotics-vision-intelligence-machine-pennx-robo2x,Robotics: Vision Intelligence and Machine Learning,,
17,https://www.edx.org/course/leading-high-performing-teams-uqx-buslead3x,Leading High-Performing Teams,,
18,https://www.edx.org/course/leading-complex-environment-uqx-buslead4x,Leading in a Complex Environment,,
19,https://www.edx.org/course/human-rights-development-curtinx-hrig2x-1,Human Rights and Development,,
20,https://www.edx.org/course/introduction-to-psychological-research-methods,Introduction to Psychological Research Methods,,
21,https://www.edx.org/course/human-rights-theory-philosophy-curtinx-hrig1x-1,Human Rights Theory and Philosophy,,
22,https://www.edx.org/course/human-rights-activism-advocacy-change-curtinx-hrig3x-0,Human Rights Activism, Advocacy and Change,
23,https://www.edx.org/course/software-development-capstone-project-ubcx-softengprjx,Software Development Capstone Project,,
24,https://www.edx.org/course/lifestyle-medicine-core-principles-doanex-hph-101x,Lifestyle Medicine Core Principles,,
25,https://www.edx.org/course/proyecto-final-e-learning-galileox-cet004x,Proyecto Final," ""e-Learning""",
26,https://www.edx.org/course/animation-cgi-motion-columbiax-csmm-104x-2,Animation and CGI Motion,,
27,https://www.edx.org/course/android-developer-capstone-project-galileox-caad005x-0,Android Developer Capstone Project: Building a Successful Android App,,
28,https://www.edx.org/course/solar-energy-photovoltaic-pv-delftx-pv2x-0,Solar Energy: Photovoltaic (PV) Technologies,,
29,https://www.edx.org/course/solar-energy-photovoltaic-pv-systems-delftx-pv3x,Solar Energy: Photovoltaic (PV) Systems,,
30,https://www.edx.org/course/solar-energy-integration-photovoltaic-delftx-pv4x,Solar Energy: Integration of Photovoltaic Systems in Microgrids,,
31,https://www.edx.org/course/idea-development-create-implement-uqx-corpinn2x,Idea Development: Create and Implement Innovative Ideas,,
32,https://www.edx.org/course/statistical-analysis-bioinformatics-usmx-umuc-bif003x,Statistical Analysis in Bioinformatics,,
33,https://www.edx.org/course/creating-sustaining-innovation-culture-uqx-corpinn4x,Creating and Sustaining an Innovation Culture,,
34,https://www.edx.org/course/financial-accounting-corporations-usmx-umuc-af6020,Financial Accounting for Corporations,,
35,https://www.edx.org/course/cloud-computing-infrastructure-usmx-umuc-cc615x,Cloud Computing Infrastructure,,
36,https://www.edx.org/course/cloud-computing-management-usmx-umuc-cc607x-0,Cloud Computing Management,,
37,https://www.edx.org/course/innovation-plan-product-uqx-corpinn3x,Innovation: From Plan to Product,,
38,https://www.edx.org/course/financial-management-organizations-usmx-umuc-af6030,Financial Management in Organizations,,
39,https://www.edx.org/course/cloud-computing-security-usmx-university-maryland-university-cc617x,Cloud Computing Security,,
40,https://www.edx.org/course/leading-organization-uqx-buslead2x,Leading the Organization,,
41,https://www.edx.org/course/software-testing-fundamentals-usmx-umuc-stv1-1x-1,Software Testing Fundamentals,,
42,https://www.edx.org/course/dna-sequences-alignments-analysis-usmx-umuc-bif001x-1,DNA Sequences: Alignments and Analysis,,
43,https://www.edx.org/course/cloud-computing-enterprises-usmx-umuc-cc605x-1,Cloud Computing for Enterprises,,
44,https://www.edx.org/course/leading-educational-innovation-michiganx-leaded505x,Leading Educational Innovation and Improvement Capstone,,
45,https://www.edx.org/course/long-term-financial-management-usmx-umuc-af6040,Long-term Financial Management,,
46,https://www.edx.org/course/robotics-columbiax-csmm-103x-2,Robotics,,
47,https://www.edx.org/course/software-testing-management-usmx-umuc-stv1-2x-1,Software Testing Management,,
48,https://www.edx.org/course/road-traffic-safety,Road Traffic Safety in Automotive Engineering,,
49,https://www.edx.org/course/model-based-automotive-systems-engineering,Model-Based Automotive Systems Engineering,,
50,https://www.edx.org/course/decision-making-for-autonomous-systems,Decision-Making for Autonomous Systems,,
51,https://www.edx.org/course/designing-leading-learning-systems-michiganx-leaded502x,Designing and Leading Learning Systems,,
52,https://www.edx.org/course/supply-chain-technology-systems-mitx-ctl-sc4x-1,Supply Chain Technology and Systems,,
53,https://www.edx.org/course/improvement-science-education-michiganx-leaded503x,Improvement Science in Education,,
54,https://www.edx.org/course/instructional-design-technology-learning-usmx-umuc-ldt100x-2,Instructional Design and Technology: Learning Theories,,
55,https://www.edx.org/course/instructional-design-digital-media-new-usmx-umuc-ldt300x,Instructional Design: Digital Media, New Tools and Technology,
56,https://www.edx.org/course/advanced-biorefinery-wageningenx-bb03x-0,Advanced Biorefinery,,
57,https://www.edx.org/course/social-work-practice-individuals-michiganx-sw521x,Social Work Practice with Individuals, Families, and Small Groups
58,https://www.edx.org/course/social-welfare-policy-services-michiganx-sw530x,Social Welfare Policy and Services,,
59,https://www.edx.org/course/instructional-design-models-usmx-umuc-ldt200x-0,Instructional Design Models,,
60,https://www.edx.org/course/social-work-research-michiganx-sw522x,Social Work: Research,,
61,https://www.edx.org/course/supply-chain-analytics-mitx-ctl-sc0x-3,Supply Chain Analytics,,
62,https://www.edx.org/course/supply-chain-dynamics-mitx-ctl-sc3x-2,Supply Chain Dynamics,,
63,https://www.edx.org/course/business-analytics-data-driven-decision-bux-qd602x,Business Analytics for Data-Driven Decision Making,,
64,https://www.edx.org/course/diversity-social-justice-social-work-michiganx-sw504x,Diversity and Social Justice in Social Work,,
65,https://www.edx.org/course/biobased-sciences-sustainability-wageningenx-bb06x,Biobased Sciences for Sustainability Capstone,,
66,https://www.edx.org/course/supply-chain-fundamentals-mitx-ctl-sc1x-3,Supply Chain Fundamentals,,
67,https://www.edx.org/course/instructional-design-data-mining-usmx-university-maryland-university-ldt400x,Instructional Design Course Evaluation & Capstone Project,,
68,https://www.edx.org/course/supply-chain-design-mitx-ctl-sc2x-2,Supply Chain Design,,
69,https://www.edx.org/course/low-emission-technologies-supply-systems-uqx-engy3x,Low Emission Technologies and Supply Systems,,
70,https://www.edx.org/course/social-work-practice-community-michiganx-sw560x,Social Work Practice in Community Organization, Management and Policy/Evaluation,
71,https://www.edx.org/course/case-studies-continuous-educational-michiganx-leaded504x,Case Studies in Continuous Educational Improvement,,
74,https://www.edx.org/course/manufacturing-process-control-i-modeling-and-control-of-variation,Manufacturing Process Control: Variation Modeling and Control,,
75,https://www.edx.org/course/biobased-processes-implementation-wageningenx-bb02x-0,Biobased Processes & Implementation,,
76,https://www.edx.org/course/buyer-behaviour-analysis-curtinx-mkt3x-0,Buyer Behaviour and Analysis,,
77,https://www.edx.org/course/topics-in-engineering-management,Topics in Engineering Management,,
78,https://www.edx.org/course/supply-chains-manufacturing-systems-planning,Supply Chains and Manufacturing Systems: Planning,,
79,https://www.edx.org/course/introduction-to-manufacturing-systems,Introduction to Manufacturing Systems,,
80,https://www.edx.org/course/cybersecurity-fundamentals-ritx-cyber501x-2,Cybersecurity Fundamentals,,
81,https://www.edx.org/course/principles-biochemistry-harvardx-mcb63x-1,Principles of Biochemistry,,
82,https://www.edx.org/course/cybersecurity-risk-management-ritx-cyber503x-2,Cybersecurity Risk Management,,
83,https://www.edx.org/course/climate-science-policy-uqx-engy1x,Climate Science and Policy,,
84,https://www.edx.org/course/online-marketing-strategies-curtinx-mkt5x,Online Marketing Strategies,,
85,https://www.edx.org/course/computer-forensics-ritx-cyber502x-2,Computer Forensics,,
86,https://www.edx.org/course/network-security-ritx-cyber504x-0,Network Security,,
87,https://www.edx.org/course/project-finance-funding-projects-delftx-mep301x-0,Project Finance: Funding Projects Successfully,,
88,https://www.edx.org/course/contract-law-from-trust-to-promise-to-contract,Contract Law: From Trust to Promise to Contract,,
89,https://www.edx.org/course/biobased-principles-opportunities-wageningenx-bb01x-0,Biobased Principles and Opportunities,,
90,https://www.edx.org/course/ielts-academic-test-preparation,IELTS Academic Test Preparation,,
91,https://www.edx.org/course/psychology-criminal-justice-uqx-crime101x-4,The Psychology of Criminal Justice,,
92,https://www.edx.org/course/introduction-to-developmental-psychology,Introduction to Developmental Psychology,,
93,https://www.edx.org/course/artificial-intelligence-ai-columbiax-csmm-101x-2,Artificial Intelligence (AI),,
94,https://www.edx.org/course/nutrition-and-health-macronutrients-and-overnutrition,Nutrition and Health: Macronutrients and Overnutrition,,
95,https://www.edx.org/course/blockchain-business-introduction-linuxfoundationx-lfs171x,Blockchain for Business - An Introduction to Hyperledger Technologies,,
96,https://www.edx.org/course/project-management-mastering-complexity-delftx-mep201x-0,Project Management: Mastering Complexity,,
97,https://www.edx.org/course/modern-masterpieces-world-literature-harvardx-hum12-2x,Modern Masterpieces of World Literature,,
98,https://www.edx.org/course/improving-global-health-focusing-quality-harvardx-ph555x-1,Improving Global Health: Focusing on Quality and Safety,,
99,https://www.edx.org/course/strategic-brand-management-curtinx-mkt4x,Strategic Brand Management,,
100,https://www.edx.org/course/principles-statistical-computational-harvardx-ph527x,Principles, Statistical and Computational Tools for Reproducible Science,
101,https://www.edx.org/course/english-grammar-style-uqx-write101x-6,English Grammar and Style,,
102,https://www.edx.org/course/machine-learning-columbiax-csmm-102x-2,Machine Learning,,
103,https://www.edx.org/course/circular-economy-wageningenx-bb05x,Circular Economy,,
104,https://www.edx.org/course/energy-development-uqx-engy2x,Energy and Development,,
105,https://www.edx.org/course/introduction-linux-linuxfoundationx-lfs101x-1,Introduction to Linux,,
106,https://www.edx.org/course/china-humanities-individual-chinese-harvardx-chn12x,China Humanities: The Individual in Chinese Culture,,
107,https://www.edx.org/course/ancient-masterpieces-world-literature-harvardx-hum12-1x,Ancient Masterpieces of World Literature,,
108,https://www.edx.org/course/poetry-america-modernism-harvardx-ampox-6-0,Poetry in America: Modernism,,
109,https://www.edx.org/course/six-sigma-analyse-improve-control-tumx-qpls2x-0,Six Sigma: Analyse, Improve, Control
110,https://www.edx.org/course/six-sigma-define-measure-tumx-qpls1x-0,Six Sigma: Define and Measure,,
111,https://www.edx.org/course/space-mission-design-and-operations-0,Space Mission Design and Operations,,
112,https://www.edx.org/course/ancient-greek-hero-harvardx-hum2x-0,The Ancient Greek Hero,,
113,https://www.edx.org/course/luxury-management-hkpolyux-htm-541x-0,Luxury Management,,
114,https://www.edx.org/course/urban-design-public-good-dutch-urbanism-delftx-urbanismx-0,Urban Design for the Public Good: Dutch Urbanism,,
115,https://www.edx.org/course/science-practice-sustainable-development-uqx-lgdm2x-2,The Science and Practice of Sustainable Development,,
117,https://www.edx.org/course/big-data-analytics-adelaidex-analyticsx,Big Data Analytics,,
118,https://www.edx.org/course/solar-energy-delftx-et3034x-0,Solar Energy,,
120,https://www.edx.org/course/international-law-louvainx-louv5x-4,International Law,,
121,https://www.edx.org/course/critical-development-perspectives-uqx-lgdm4x-1,Critical Development Perspectives,,
122,https://www.edx.org/course/business-foundations-ubcx-bus1x,Business Foundations,,
123,https://www.edx.org/course/international-project-management-ritx-pm9003x-0,International Project Management,,
124,https://www.edx.org/course/cellular-mechanisms-brain-function-epflx-brainx-1,Cellular Mechanisms of Brain Function,,
125,https://www.edx.org/course/industry-4-0-how-revolutionize-business-hkpolyux-i4-0x,Industry 4.0: How to Revolutionize your Business,,
128,https://www.edx.org/course/leaders-global-development-uqx-lgdm1x-3,Leaders in Global Development,,
129,https://www.edx.org/course/people-management-iimbx-hr101x-0,People Management,,
130,https://www.edx.org/course/accounting-finance-iimbx-ac104x-0,Accounting and Finance,,
131,https://www.edx.org/course/people-management-for-entrepreneurs,People Management for Entrepreneurs,,
133,https://www.edx.org/course/religion-conflict-peace-harvardx-hds2825x,Religion, Conflict and Peace,
134,https://www.edx.org/course/graph-algorithms-genome-sequencing-uc-san-diegox-algs206x,Graph Algorithms in Genome Sequencing,,
135,https://www.edx.org/course/international-human-rights-law-louvainx-louv2x-0,International Human Rights Law,,
136,https://www.edx.org/course/managing-marketing-hospitality-tourism-hkpolyux-htm534x-0,Managing Marketing in the Hospitality and Tourism Industry,,
137,https://www.edx.org/course/marketing-management-iimbx-mk102x-0,Marketing Management,,
138,https://www.edx.org/course/organizational-behaviour-ubcx-busobhr1x,Organizational Behaviour,,
139,https://www.edx.org/course/communicating-corporate-social-responsibility-csr,Communicating Corporate Social Responsibility (CSR),,
140,https://www.edx.org/course/managing-human-resources-hospitality-hkpolyux-htm533x-0,Managing Human Resources in the Hospitality and Tourism Industry,,
141,https://www.edx.org/course/international-humanitarian-law-louvainx-louv16x-0,International Humanitarian Law,,
142,https://www.edx.org/course/best-practices-project-management-ritx-pm9002x-1,Best Practices for Project Management Success,,
143,https://www.edx.org/course/np-complete-problems-uc-san-diegox-algs203x,NP-Complete Problems,,
144,https://www.edx.org/course/les-principes-de-la-finance,Les principes de la finance,,
145,https://www.edx.org/course/introduction-accounting-ubcx-busacct1x,Introduction to Accounting,,
146,https://www.edx.org/course/macroeconomic-principles-asux-ecn211x-0,Macroeconomic Principles,,
147,https://www.edx.org/course/introduction-marketing-ubcx-busmktg1x,Introduction to Marketing,,
148,https://www.edx.org/course/hospitality-tourism-technology-hkpolyux-htm540x-0,Hospitality and Tourism Technology and Innovation,,
149,https://www.edx.org/course/operations-management-iimbx-om101-1x-0,Operations Management,,
152,https://www.edx.org/course/corporate-finance-iimbx-fc101x,Corporate Finance,,
153,https://www.edx.org/course/programming-data-science-adelaidex-programx,Programming for Data Science,,
154,https://www.edx.org/course/introduction-biology-secret-life-mitx-7-00x-7,Introduction to Biology - The Secret of Life,,
155,https://www.edx.org/course/introduction-corporate-finance-ubcx-busfin1x,Introduction to Corporate Finance,,
156,https://www.edx.org/course/adaptive-leadership-development-uqx-lgdm3x-1,Adaptive Leadership in Development,,
157,https://www.edx.org/course/computational-thinking-big-data-adelaidex-compx,Computational Thinking and Big Data,,
158,https://www.edx.org/course/accounting-decision-making-iimbx-ac103x-1,Accounting for Decision-Making,,
159,https://www.edx.org/course/strategic-management-iimbx-st101x-0,Strategic Management,,
160,https://www.edx.org/course/liderazgo-para-mandos-intermedios-upvalenciax-lider201-3x-0,Liderazgo para mandos intermedios,,
161,https://www.edx.org/course/big-data-fundamentals-adelaidex-bigdatax,Big Data Fundamentals,,
163,https://www.edx.org/course/western-civilization-ancient-medieval-asux-hst102x-4,Western Civilization: Ancient and Medieval Europe,,
164,https://www.edx.org/course/quantitative-biology-workshop-mitx-7-qbwx-3,Quantitative Biology Workshop,,
165,https://www.edx.org/course/introduction-health-wellness-asux-exw100x-3,Introduction to Health and Wellness,,
166,https://www.edx.org/course/english-composition-research-writing-asux-eng102x-2,English Composition: Research and Writing,,
167,https://www.edx.org/course/foundations-data-science-prediction-uc-berkeleyx-data8-3x,Foundations of Data Science: Prediction and Machine Learning,,
168,https://www.edx.org/course/liberating-programming-system-israelx-libprogx,Liberating Programming: System Development for Everyone,,
169,https://www.edx.org/course/leading-change-go-beyond-gamification-michiganx-microsoft-education-gl101x,Leading Change: Go Beyond Gamification with Gameful Learning,,
170,https://www.edx.org/course/introduction-to-social-research-methods,Introduction to Social Research Methods,,
171,https://www.edx.org/course/enabling-technologies-data-science-columbiax-ds103x-1,Enabling Technologies for Data Science and Analytics: The Internet of Things,,
173,https://www.edx.org/course/leadership-in-a-new-era-a-course-at-tsinghua-sem-by-mckinsey,Leadership in a New Era: A Course at Tsinghua SEM by McKinsey,,
174,https://www.edx.org/course/big-data-education-pennx-bde1x-0,Big Data and Education,,
175,https://www.edx.org/course/english-composition-asux-eng101x-5,English Composition,,
176,https://www.edx.org/course/science-happiness-uc-berkeleyx-gg101x-6,The Science of Happiness,,
177,https://www.edx.org/course/introduction-actuarial-science-anux-anu-actuarialx-1,Introduction to Actuarial Science,,
178,https://www.edx.org/course/evidence-based-management-a-capstone,Evidence-Based Management Capstone,,
179,https://www.edx.org/course/introduction-sociology-asux-soc101x-4,Introduction to Sociology,,
180,https://www.edx.org/course/statistics-unlocking-world-data-edinburghx-statsx-0,Statistics: Unlocking the World of Data,,
181,https://www.edx.org/course/study-abroad-usa-building-capacity-us-asux-gbl500x,Study Abroad USA: Building Capacity for US Institutions,,
182,https://www.edx.org/course/cybersecurity-privacy-iot-curtinx-iot5x,Cybersecurity and Privacy in the IoT,,
183,https://www.edx.org/course/iot-networks-protocols-curtinx-iot3x,IoT Networks and Protocols,,
184,https://www.edx.org/course/iot-sensors-devices-curtinx-iot2x,IoT Sensors and Devices,,
185,https://www.edx.org/course/iot-programming-big-data-curtinx-iot4x,IoT Programming and Big Data,,
186,https://www.edx.org/course/human-origins-asux-asm246-5,Human Origins,,
187,https://www.edx.org/course/culture-services-new-perspective-kyotoux-002x-2,Culture of Services: New Perspective on Customer Relations,,
188,https://www.edx.org/course/anatomy-human-neuroanatomy-michiganx-anatomy403-3x,Anatomy: Human Neuroanatomy,,
190,https://www.edx.org/course/microeconomic-principles-decision-making-under-scarcity,Microeconomic Principles: Decision-making under Scarcity,,
191,https://www.edx.org/course/question-everything-scientific-thinking-uqx-query101x-2,Question Everything: Scientific Thinking in Real Life,,
192,https://www.edx.org/course/shaping-the-future-of-work,Shaping the Future of Work,,
193,https://www.edx.org/course/nanotechnology-fundamentals-purduex-nano530x,Nanotechnology: Fundamentals of Nanotransistors,,
194,https://www.edx.org/course/results-based-project-management-witsx-rbme101x-0,Results-Based Project Management: Monitoring and Evaluation,,
195,https://www.edx.org/course/math-sports-notredamex-mat150x,Math in Sports,,
196,https://www.edx.org/course/formal-software-verification-usmx-university-maryland-university-stv1-3x,Formal Software Verification,,
197,https://www.edx.org/course/road-selective-college-admissions-st-margarets-episcopal-school-col101x-0,The Road to Selective College Admissions,,
198,https://www.edx.org/course/co-creating-sustainable-cities-delftx-wageningenx-ams-urb-2x,Co-Creating Sustainable Cities,,
199,https://www.edx.org/course/linear-differential-equations-bux-math226-2x-1,Linear Differential Equations,,
200,https://www.edx.org/course/energy-within-environmental-constraints,Energy Within Environmental Constraints,,
201,https://www.edx.org/course/oriental-beliefs-between-reason-louvainx-louv19x,Oriental Beliefs: Between Reason and Traditions,,
202,https://www.edx.org/course/knowledge-management-nuclear-energy-mephix-mephi002x,Knowledge Management in Nuclear Energy Organizations,,
203,https://www.edx.org/course/how-code-simple-data-ubcx-htc1x,How to Code: Simple Data,,
204,https://www.edx.org/course/electronic-optical-magnetic-properties-mitx-3-024x,Electronic, Optical and Magnetic Properties of Materials,
206,https://www.edx.org/course/cs50s-apr-computer-science-principles-harvardx-cs50-ap,CS50: Introduction to Computer Science,,
207,https://www.edx.org/course/fundamentals-immunology-part-2-ricex-bioc372-2x-0,Fundamentals of Immunology, Part 2,
208,https://www.edx.org/course/graphene-science-technology-chalmersx-chm001x-0,Graphene Science and Technology,,
209,https://www.edx.org/course/time-series-analysis,Time Series Analysis,,
210,https://www.edx.org/course/provisioning-databases-azure-sql-server-microsoft-dat219x-2,Provisioning Databases in Azure and SQL Server,,
211,https://www.edx.org/course/introduction-evidence-based-bux-cirtl-1x-2,An Introduction to Evidence-Based Undergraduate STEM Teaching,,
212,https://www.edx.org/course/introduction-engineering-mathematics-utarlingtonx-engr3-0x,Introduction to Engineering Mathematics with Applications,,
213,https://www.edx.org/course/introduction-aerospace-engineering-mitx-16-00x-1,Introduction to Aerospace Engineering: Astronautics and Human Spaceflight,,
214,https://www.edx.org/course/citiesx-past-present-future-urban-life-harvardx-urban101x,CitiesX: The Past, Present and Future of Urban Life,
215,https://www.edx.org/course/biostatistics-big-data-applications-utmbx-stat101x,Biostatistics for Big Data Applications,,
216,https://www.edx.org/course/introduction-engineering-utarlingtonx-engr2-0x-0,Introduction to Engineering,,
217,https://www.edx.org/course/ecodesign-cities-suburbs-ubcx-ecodesignx-0,Ecodesign for Cities and Suburbs,,
218,https://www.edx.org/course/measuring-health-outcomes-field-surveys-mitx-jpal350x-0,Measuring Health Outcomes in Field Surveys,,
219,https://www.edx.org/course/fat-chance-probability-from-the-ground-up,Fat Chance: Probability from the Ground Up,,
220,https://www.edx.org/course/windows-server-2016-security-features-microsoft-inf259x,Windows Server 2016 Security Features,,
221,https://www.edx.org/course/preparing-ap-computer-science-exam-part-cooper-union-cs-2x,AP Computer Science A,,
222,https://www.edx.org/course/book-making-meaning-medieval-manuscript-harvardx-hum1-1x,The Book: Making and Meaning in the Medieval Manuscript,,
223,https://www.edx.org/course/introduction-user-experience-michiganx-ux501x-0,Introduction to User Experience,,
224,https://www.edx.org/course/proteins-alignment-analysis-structure-usmx-umuc-bif002x,Proteins: Alignment, Analysis and Structure,
225,https://www.edx.org/course/microsoft-sharepoint-2016-search-content-microsoft-cld211-5x-3,Microsoft SharePoint 2016: Search and Content Management,,
226,https://www.edx.org/course/viruses-how-beat-them-cells-immunity-israelx-virus101x,Viruses & How to Beat Them: Cells, Immunity, Vaccines
227,https://www.edx.org/course/calculus-applied-harvardx-calcapl1x,Calculus Applied!,,
228,https://www.edx.org/course/force-motion-pedagogical-content-bux-itop1x,Force and Motion: Pedagogical Content Knowledge for Teaching Physics,,
229,https://www.edx.org/course/great-war-modern-philosophy-kuleuvenx-graphx-0,The Great War and Modern Philosophy,,
230,https://www.edx.org/course/introduction-java-programming-starting-uc3mx-3t2017,Introduction to Java Programming: Starting to code in Java,,
231,https://www.edx.org/course/design-thinking-creativity-innovation-uqx-corpinn1x,Design Thinking and Creativity for Innovation,,
232,https://www.edx.org/course/documental-nuevas-tendencias-nuevos-uc3mx-pca-1x,DOCUMENTAL! Nuevas tendencias, nuevos formatos / DOCUMENTARY! New Trends, New Formats
234,https://www.edx.org/course/modeling-climate-change-uchicagox-ps280x,Modeling Climate Change,,
235,https://www.edx.org/course/nanophotonic-modeling-purduex-nano540x,Nanophotonic Modeling,,
236,https://www.edx.org/course/electronic-interfaces-bridging-physical-uc-berkeleyx-ee40lx-0,Electronic Interfaces: Bridging the Physical and Digital Worlds,,
237,https://www.edx.org/course/multimodal-learning-analytics-utarlingtonx-link-la-mmx,Multimodal Learning Analytics,,
238,https://www.edx.org/course/windows-10-features-mobile-workforce-microsoft-inf205x-3,Windows 10 Features for a Mobile Workforce: Managing and Maintaining Devices in the Enterprise,,
239,https://www.edx.org/course/embedded-systems-shape-world-utaustinx-ut-6-10x,Embedded Systems Course,,
240,https://www.edx.org/course/relativity-astrophysics-cornellx-astro2290x,Relativity and Astrophysics,,
241,https://www.edx.org/course/advancing-learning-through-evidence-bux-cirtl-2x-2,Advancing Learning Through Evidence-Based STEM Teaching,,
242,https://www.edx.org/course/organizing-evangelism-achieving-user-microsoft-cld226x-1,Organizing Evangelism and Achieving User Adoption,,
243,https://www.edx.org/course/fundamentals-red-hat-enterprise-linux-red-hat-rh066x,Fundamentals of Red Hat Enterprise Linux,,
244,https://www.edx.org/course/fundamentals-nanoelectronics-basic-purduex-nano520x,Fundamentals of Nanoelectronics: Basic Concepts,,
245,https://www.edx.org/course/preparing-ap-computer-science-exam-part-cooper-union-cs-1x,AP Computer Science A,,
247,https://www.edx.org/course/introduction-kubernetes-linuxfoundationx-lfs158x,Introduction to Kubernetes,,
248,https://www.edx.org/course/global-media-war-and-technology,Global Media, War, and Technology
249,https://www.edx.org/course/justice-harvardx-er22-1x-2,Justice,,
250,https://www.edx.org/course/making-biologic-medicines-patients-mitx-10-03x-1,Making Biologic Medicines for Patients: The Principles of Biopharmaceutical Manufacturing,,
251,https://www.edx.org/course/europeana-space-creative-digital-kuleuvenx-eurospacex-0,Europeana Space: Creative with Digital Heritage,,
252,https://www.edx.org/course/introduction-to-devops-transforming-and-improving-operations,Introduction to DevOps: Transforming and Improving Operations,,
253,https://www.edx.org/course/introduction-html-javascript-microsoft-dev211-1x-3,Introduction to HTML and JavaScript,,
254,https://www.edx.org/course/data-analysis-take-it-max-delftx-ex101x-2,Data Analysis: Take It to the MAX(),,
256,https://www.edx.org/course/ux-research-scale-analytics-online-michiganx-ux508x,UX Research at Scale: Analytics and Online Experiments,,
257,https://www.edx.org/course/software-engineering-essentials-tumx-seecx-0,Software Engineering Essentials,,
259,https://www.edx.org/course/genomic-medicine-gets-personal-georgetownx-medx202-02x,Genomic Medicine Gets Personal,,
260,https://www.edx.org/course/energy-principles-renewable-energy-uqx-engy0x,Energy Principles and Renewable Energy,,
261,https://www.edx.org/course/robot-mechanics-control-part-ii-snux-snu446-345-2x,Robot Mechanics and Control, Part II,
262,https://www.edx.org/course/iterative-innovation-process-mitx-3-086x,The Iterative Innovation Process,,
263,https://www.edx.org/course/embedded-systems-shape-world-multi-utaustinx-ut-6-20x,Embedded Systems Course,,
264,https://www.edx.org/course/project-risk-assessment-michiganx-fin402x,Project Risk Assessment,,
265,https://www.edx.org/course/industrial-biotechnology-delftx-ib01x-1,Industrial Biotechnology,,
266,https://www.edx.org/course/fundamentals-clinical-trials-harvardx-hsph-hms214x,Fundamentals of Clinical Trials,,
267,https://www.edx.org/course/making-government-work-in-hard-places,Making Government Work in Hard Places,,
268,https://www.edx.org/course/software-architect-code-building-digital-uc3mx-inf-1x,The Software Architect Code: Building the Digital World,,
269,https://www.edx.org/course/divine-comedy-dantes-journey-freedom-georgetownx-humx421-02x,The Divine Comedy: Dante's Journey to Freedom, Part 1,
270,https://www.edx.org/course/fundamentals-nanoelectronics-part-b-purduex-nano521x,Fundamentals of Nanoelectronics, Part B: Quantum Transport,
271,https://www.edx.org/course/ux-design-concept-wireframe-michiganx-ux505x,UX Design: From Concept to Wireframe,,
272,https://www.edx.org/course/big-data-capstone-project-adelaidex-datacapx,Big Data Capstone Project,,
273,https://www.edx.org/course/building-azure-skills-toolkit-microsoft-dev224x-0,Building Your Azure Skills Toolkit,,
274,https://www.edx.org/course/fundamentals-containers-kubernetes-red-hat-do081x,Fundamentals of Containers, Kubernetes, and Red Hat OpenShift
275,https://www.edx.org/course/global-marketing-strategy-thunderbirdx-tgm551x-1,Global Marketing Strategy,,
276,https://www.edx.org/course/communicating-global-context-thunderbirdx-tgm579x-2,Communicating in a Global Context,,
277,https://www.edx.org/course/design-thinking-fundamentals-ritx-think501x,Design Thinking Fundamentals,,
278,https://www.edx.org/course/statistical-thinking-data-science-columbiax-ds101x-1,Statistical Thinking for Data Science and Analytics,,
280,https://www.edx.org/course/design-thinking-prototyping-user-testing-ritx-think504x,Design Thinking: Prototyping and User Testing,,
281,https://www.edx.org/course/product-management-lean-agile-system-bux-qd503x-1,Product Management with Lean, Agile and System Design Thinking,
282,https://www.edx.org/course/design-thinking-capstone-ritx-think525x,Design Thinking Capstone,,
283,https://www.edx.org/course/design-thinking-empathizing-understand-ritx-think502x,Design Thinking: Empathizing to Understand the Problem,,
284,https://www.edx.org/course/electric-and-conventional-vehicles,Electric and Conventional Vehicles,,
285,https://www.edx.org/course/platform-strategy-business-bux-qd505x-0,Platform Strategy for Business,,
286,https://www.edx.org/course/leading-digital-age-bux-qd502x-0,Leading in the Digital Age,,
287,https://www.edx.org/course/designing-experimentation-enhance-bux-qd601x,Designing for Experimentation to Enhance Digital Business Innovation,,
288,https://www.edx.org/course/project-management-engineering-projects-delftx-mep101x-1,Project Management of Engineering Projects: Preparing for Success!,,
289,https://www.edx.org/course/design-thinking-ideation-iteration-ritx-think503x,Design Thinking: Ideation, Iteration and Communication,
290,https://www.edx.org/course/digital-transformation-strategy-bux-qd501x-1,Digital Transformation Strategy,,
291,https://www.edx.org/course/humanitarian-response-conflict-disaster-harvardx-ph558x-0,Humanitarian Response to Conflict and Disaster,,
292,https://www.edx.org/course/multi-target-tracking-for-automotive-systems,Multi-Object Tracking for Automotive Systems,,
293,https://www.edx.org/course/sensor-fusion-and-non-linear-filtering-for-automotive-systems,Sensor Fusion and Non-linear Filtering for Automotive Systems,,
294,https://www.edx.org/course/advanced-biobased-conversion-wageningenx-bb04x,Advanced Biobased Conversion,,
295,https://www.edx.org/course/algorithmic-design-techniques-uc-san-diegox-algs200x,Algorithmic Design and Techniques,,
296,https://www.edx.org/course/css-basics-w3cx-css-0x-0,CSS Basics,,
297,https://www.edx.org/course/graph-algorithms-uc-san-diegox-algs202x,Graph Algorithms,,
298,https://www.edx.org/course/data-structures-uc-san-diegox-algs201x,Data Structures,,
299,https://www.edx.org/course/customer-centric-innovation-rwthx-mti002x-1,Customer-Centric Innovation,,
300,https://www.edx.org/course/aws-developer-deploying-on-aws,AWS Developer: Deploying on AWS,,
301,https://www.edx.org/course/introduction-jquery-microsoft-dev208x-4,Introduction to jQuery,,
302,https://www.edx.org/course/evidence-based-project-management-anux-ebm07x,Evidence-Based Project Management,,
303,https://www.edx.org/course/thinking-acting-like-an-entrepreneur,Thinking & Acting like an Entrepreneur,,
304,https://www.edx.org/course/strategic-management-intuition-insight-rwthx-mti005x,Strategic Management: From Intuition to Insight,,
305,https://www.edx.org/course/evidence-based-management-foundations-anux-ebm04x,Evidence-Based Management Foundations,,
306,https://www.edx.org/course/evidence-based-stakeholder-marketing-anux-ebm03x,Evidence-Based Stakeholder Marketing,,
307,https://www.edx.org/course/foundations-data-science-inferential-uc-berkeleyx-data8-2x,Foundations of Data Science: Inferential Thinking by Resampling,,
308,https://www.edx.org/course/evidence-based-business-communication-anux-ebm02x,Evidence-Based Business Communication,,
310,https://www.edx.org/course/strategic-management-insight-decision-rwthx-mti006x,Strategic Management: From Insight to Decision,,
311,https://www.edx.org/course/evidence-based-global-management-anux-ebm05x,Evidence-Based Global Management,,
312,https://www.edx.org/course/using-open-source-web-tooling-improve-microsoft-dev222x-2,Using Open Source Web Tooling to Improve Development Proficiency,,
313,https://www.edx.org/course/managing-disruptive-change-rwthx-mti001x-1,Managing Disruptive Change,,
314,https://www.edx.org/course/algorithms-data-structures-c-microsoft-dev204-3x-0,Algorithms and Data Structures in C#,,
315,https://www.edx.org/course/front-end-web-development-orientation-microsoft-dev237x-1,Microsoft Professional Orientation : Front End Web Development,,
316,https://www.edx.org/course/developing-international-software-microsoft-dis50x-3,Developing International Software,,
317,https://www.edx.org/course/ux-design-wireframe-prototype-michiganx-ux506x,UX Design: From Wireframe to Prototype,,
318,https://www.edx.org/course/saving-schools-reforming-u-s-education-harvardx-1368x,Saving Schools: Reforming the U.S. Education System,,
319,https://www.edx.org/course/evidence-based-technology-management-anux-ebm06x,Evidence-Based Technology Management,,
320,https://www.edx.org/course/american-government-harvardx-hks101a-0,American Government,,
321,https://www.edx.org/course/deterministic-optimization,Deterministic Optimization,,
323,https://www.edx.org/course/aws-developer-building-on-aws,AWS Developer: Building on AWS,,
324,https://www.edx.org/course/innovation-creativity-management-rwthx-mti003x-0,Innovation & Creativity Management,,
325,https://www.edx.org/course/microsoft-sharepoint-2016-infrastructure-microsoft-cld211-1x-3,Microsoft SharePoint 2016: Infrastructure,,
326,https://www.edx.org/course/data-and-visual-analytics,Data and Visual Analytics,,
327,https://www.edx.org/course/html5-coding-essentials-w3cx-html5-1x-2,HTML5 Coding Essentials and Best Practices,,
328,https://www.edx.org/course/software-construction-object-oriented-ubcx-softconst2x,Software Construction: Object-Oriented Design,,
329,https://www.edx.org/course/software-construction-data-abstraction-ubcx-softconst1x,Software Construction: Data Abstraction,,
330,https://www.edx.org/course/how-code-complex-data-ubcx-htc2x,How to Code: Complex Data,,
331,https://www.edx.org/course/introduction-nosql-data-solutions-microsoft-dat221x-0,Introduction to NoSQL Data Solutions,,
332,https://www.edx.org/course/entrepreneurship-in-emerging-economies,Entrepreneurship in Emerging Economies,,
334,https://www.edx.org/course/feature-engineering-improving-learning-utarlingtonx-link-la-fex,Feature Engineering for Improving Learning Environments,,
335,https://www.edx.org/course/essential-statistics-data-analysis-using-microsoft-dat222x-2,Essential Statistics for Data Analysis using Excel,,
336,https://www.edx.org/course/processing-big-data-hadoop-azure-microsoft-dat202-1x-4,Processing Big Data with Hadoop in Azure HDInsight,,
337,https://www.edx.org/course/data-analysis-visualization-dashboard-delftx-ex102x-2,Data Analysis: Visualization and Dashboard Design,,
338,https://www.edx.org/course/microsoft-azure-app-service-microsoft-azure206x-0,Microsoft Azure App Service,,
339,https://www.edx.org/course/introduction-to-clinical-psychology,Introduction to Clinical Psychology,,
340,https://www.edx.org/course/querying-data-transact-sql-microsoft-dat201x-0,Querying Data with Transact-SQL,,
341,https://www.edx.org/course/introduction-to-reactjs,Introduction to ReactJS,,
342,https://www.edx.org/course/object-oriented-programming-c-microsoft-dev204-2x-0,Object Oriented Programming in C#,,
343,https://www.edx.org/course/windows-server-2016-infrastructure-microsoft-inf211x-1,Windows Server 2016: Infrastructure,,
344,https://www.edx.org/course/introduction-mobile-application-hkustx-comp107x-5,Introduction to Mobile Application Development using Android,,
345,https://www.edx.org/course/system-center-2016-building-clouds,System Center 2016: Building Clouds,,
346,https://www.edx.org/course/delivering-data-warehouse-cloud-microsoft-dat220x-2,Delivering a Data Warehouse in the Cloud,,
347,https://www.edx.org/course/agile-development-using-ruby-rails-uc-berkeleyx-cs169-2x-1,Agile Development Using Ruby on Rails - Advanced,,
348,https://www.edx.org/course/natural-language-processing-nlp-microsoft-dev288x,Natural Language Processing (NLP),,
349,https://www.edx.org/course/ethics-law-analytics-ai-microsoft-dat249x-0,Ethics and Law in Data and Analytics,,
350,https://www.edx.org/course/developing-business-applications-with-power-apps-and-microsoft-flow,Developing Business Applications with Power Apps and Microsoft Flow,,
351,https://www.edx.org/course/selecting-collaboration-tools,Selecting Collaborative Technology Tools,,
352,https://www.edx.org/course/web-design-best-practices-inclusive-microsoft-dev240x,Web Design Best Practices: An Inclusive Approach,,
353,https://www.edx.org/course/managing-projects-portfolios-microsoft-microsoft-cld215x-3,Managing Projects & Portfolios with Microsoft PPM,,
354,https://www.edx.org/course/microsoft-azure-storage-microsoft-azure205x-0,Microsoft Azure Storage,,
355,https://www.edx.org/course/microsoft-sharepoint-2016-authentication-microsoft-cld211-2x-3,Microsoft SharePoint 2016: Authentication and Security,,
356,https://www.edx.org/course/introduction-cloud-foundry-cloud-native-linuxfoundationx-lfs132x,Introduction to Cloud Foundry and Cloud Native Software Architecture,,
357,https://www.edx.org/course/reinforcement-learning-explained-microsoft-dat257x,Reinforcement Learning Explained,,
358,https://www.edx.org/course/introduction-biomedical-imaging-uqx-bioimg101x-4,Introduction to Biomedical Imaging,,
360,https://www.edx.org/course/introduction-python-fundamentals-microsoft-dev274x-1,Introduction to Python: Fundamentals,,
361,https://www.edx.org/course/bioethics-law-medicine-ethics-harvardx-hls4x-3,Bioethics: The Law, Medicine, and Ethics of Reproductive Technologies and Genetics
362,https://www.edx.org/course/windows-server-2016-securing-identities-and-information,Windows Server 2016: Securing Identities and Information,,
363,https://www.edx.org/course/android-app-development-beginners-galileox-caad002x-2,Android App Development for Beginners,,
364,https://www.edx.org/course/principles-machine-learning-microsoft-dat203-2x-6,Principles of Machine Learning,,
366,https://www.edx.org/course/analyzing-visualizing-data-excel-microsoft-dat206x-8,Analyzing and Visualizing Data with Excel,,
367,https://www.edx.org/course/sharepoint-online-administrator,Office 365: SharePoint Online Administrator,,
368,https://www.edx.org/course/designing-technical-solution-microsoft-dev284x-1,Designing a Technical Solution,,
369,https://www.edx.org/course/creating-bi-reports-sql-server-reporting-microsoft-dat214x,Creating BI Reports with SQL Server Reporting Services,,
370,https://www.edx.org/course/future-mining-uqx-miningx,The Future of Mining?,,
371,https://www.edx.org/course/provisioning-office-365-services-microsoft-cld220x-3,Provisioning Office 365 Services,,
372,https://www.edx.org/course/calculus-1c-coordinate-systems-infinite-mitx-18-01-3x-0,Calculus 1C: Coordinate Systems & Infinite Series,,
373,https://www.edx.org/course/sparse-representations-image-processing-israelx-236862-2x,Sparse Representations in Image Processing: From Theory to Practice,,
374,https://www.edx.org/course/how-to-win-coding-competitions-secrets-of-champions,How to Win Coding Competitions: Secrets of Champions,,
375,https://www.edx.org/course/html5-css-fundamentals-w3cx-html5-0x-0,HTML5 and CSS Fundamentals,,
376,https://www.edx.org/course/reputation-management-digital-world-curtinx-mkt2x-2,Reputation Management in a Digital World,,
377,https://www.edx.org/course/agile-development-using-ruby-rails-uc-berkeleyx-cs169-1x-1,Agile Development Using Ruby on Rails - The Basics,,
378,https://www.edx.org/course/opioid-crisis-america-harvardx-hhp100,The Opioid Crisis in America,,
379,https://www.edx.org/course/introduction-to-social-psychology,Introduction to Social Psychology,,
380,https://www.edx.org/course/algorithms-data-structures-microsoft-dev285x-1,Algorithms and Data Structures,,
381,https://www.edx.org/course/analytics-storytelling-impact-microsoft-dat248x-0,Analytics Storytelling for Impact,,
382,https://www.edx.org/course/machine-learning-data-science-analytics-columbiax-ds102x-1,Machine Learning for Data Science and Analytics,,
383,https://www.edx.org/course/implementing-predictive-analytics-spark-microsoft-dat202-3x-3,Implementing Predictive Analytics with Spark in Azure HDInsight,,
384,https://www.edx.org/course/security-office-365-microsoft-cld245x-0,Security in Office 365,,
385,https://www.edx.org/course/mechanics-deformable-structures-part-1-mitx-2-02-1x,Mechanics of Deformable Structures: Part 1,,
386,https://www.edx.org/course/java-fundamentals-android-development-galileox-caad001x-2,Java Fundamentals for Android Development,,
388,https://www.edx.org/course/angularjs-advanced-framework-techniques-microsoft-dev221x-2,AngularJS: Advanced Framework Techniques,,
389,https://www.edx.org/course/managing-projects-microsoft-project-microsoft-cld213x-3,Managing Projects with Microsoft Project,,
390,https://www.edx.org/course/analyzing-visualizing-data-power-bi-microsoft-dat207x-8,Analyzing and Visualizing Data with Power BI,,
391,https://www.edx.org/course/introduction-python-data-science-microsoft-dat208x-8,Introduction to Python for Data Science,,
392,https://www.edx.org/course/microsoft-azure-virtual-machines-microsoft-azure202x-1,Microsoft Azure Virtual Machines,,
393,https://www.edx.org/course/foundations-data-science-computational-uc-berkeleyx-data8-1x,Foundations of Data Science: Computational Thinking with Python,,
394,https://www.edx.org/course/data-science-essentials-microsoft-dat203-1x-6,Data Science Essentials,,
395,https://www.edx.org/course/onboarding-messaging-office-365-microsoft-cld223x-3,Onboarding Messaging to Office 365,,
396,https://www.edx.org/course/super-earths-life-harvardx-spu30x-3,Super-Earths And Life,,
397,https://www.edx.org/course/javascript-introduction-w3cx-js-0x-0,JavaScript Introduction,,
398,https://www.edx.org/course/building-functional-prototypes-using-microsoft-dev280x-1,Building Functional Prototypes using Node.js,,
399,https://www.edx.org/course/science-cooking-from-haute-cuisine-to-soft-matter-science-part-2,Science & Cooking: From Haute Cuisine to Soft Matter Science (physics),,
400,https://www.edx.org/course/microsoft-sharepoint-2016-productivity-microsoft-cld211-4x-3,Microsoft SharePoint 2016: Productivity Solutions,,
401,https://www.edx.org/course/windows-server-2016-advanced-microsoft-inf219x-0,Windows Server 2016: Advanced Virtualization,,
402,https://www.edx.org/course/microsoft-office-fundamentals-outlook-microsoft-cld261x,Microsoft Office Fundamentals: Outlook, Word, and Excel
403,https://www.edx.org/course/deep-learning-explained-microsoft-dat236x-1,Deep Learning Explained,,
404,https://www.edx.org/course/essential-tools-for-the-low-carbon-economy,Essential Tools For The Low Carbon Economy,,
405,https://www.edx.org/course/creating-virtual-reality-vr-apps-uc-san-diegox-cse190x,Creating Virtual Reality (VR) Apps,,
406,https://www.edx.org/course/ux-research-surveys-michiganx-ux507x,UX Research Surveys,,
407,https://www.edx.org/course/delivering-relational-data-warehouse-microsoft-dat216x-5,Delivering a Relational Data Warehouse,,
408,https://www.edx.org/course/anthropology-current-world-issues-uqx-world101x-4,Anthropology of Current World Issues,,
409,https://www.edx.org/course/circuits-electronics-1-basic-circuit-mitx-6-002-1x-0,Circuits and Electronics 1: Basic Circuit Analysis,,
410,https://www.edx.org/course/corporate-financial-policy-michiganx-fin404x,Corporate Financial Policy,,
411,https://www.edx.org/course/microsoft-azure-virtual-networks-microsoft-azure203x-0,Microsoft Azure Virtual Networks,,
412,https://www.edx.org/course/introduction-python-absolute-beginner-microsoft-dev236x-1,Introduction to Python: Absolute Beginner,,
413,https://www.edx.org/course/programming-r-data-science-microsoft-dat209x-6,Programming with R for Data Science,,
414,https://www.edx.org/course/introduction-to-python-creating-scalable-robust-interactive-code,Introduction to Python: Creating Scalable, Robust, Interactive Code
415,https://www.edx.org/course/windows-powershell-basics-microsoft-inf210x-2,Windows PowerShell Basics,,
416,https://www.edx.org/course/developing-multidimensional-data-model-microsoft-dat224x-1,Developing a Multidimensional Data Model,,
417,https://www.edx.org/course/monetize-android-apps-business-models-galileox-caad004x-2,Monetize your Android Applications,,
418,https://www.edx.org/course/enabling-office-365-clients-microsoft-cld221x-3,Enabling Office 365 Clients,,
419,https://www.edx.org/course/applied-machine-learning-microsoft-dat203-3x-4,Applied Machine Learning,,
420,https://www.edx.org/course/implementing-etl-sql-server-integration-microsoft-dat217x-5,Implementing ETL with SQL Server Integration Services,,
421,https://www.edx.org/course/introduction-java-programming-writing-uc3mx-it-1-2x,Introduction to Java Programming: Writing Good Code,,
422,https://www.edx.org/course/introduction-openstack-linuxfoundationx-lfs152x,Introduction to OpenStack,,
423,https://www.edx.org/course/planning-developing-governance-for-digital-transformation,Planning & Developing Governance for Digital Transformation,,
424,https://www.edx.org/course/financial-decision-rules-project-michiganx-fin401x,Financial Decision Rules for Project Evaluation,,
425,https://www.edx.org/course/professional-android-app-development-galileox-caad003x-2,Professional Android App Development,,
426,https://www.edx.org/course/predictive-modeling-learning-analytics-utarlingtonx-link-la-pmx,Predictive Modeling in Learning Analytics,,
427,https://www.edx.org/course/programming-python-data-science-microsoft-dat210x-6,Programming with Python for Data Science,,
428,https://www.edx.org/course/microsoft-azure-identity-microsoft-azure204x-1,Microsoft Azure Identity,,
429,https://www.edx.org/course/sql-server-analysis-services-developing-microsoft-dat225x-1,Developing a Tabular Data Model,,
430,https://www.edx.org/course/microsoft-professional-orientation-data-microsoft-dat101x-0,Introduction to Data Science,,
431,https://www.edx.org/course/leaders-learning-harvardx-gse2x-2,Leaders of Learning,,
432,https://www.edx.org/course/migrating-workloads-azure-microsoft-azure212x-0,Migrating Workloads to Azure,,
433,https://www.edx.org/course/essential-mathematics-for-artificial-intelligence,Essential Mathematics for Artificial Intelligence,,
434,https://www.edx.org/course/cs50s-computer-science-for-business-professionals,CS50's Computer Science for Business Professionals,,
435,https://www.edx.org/course/cs50s-understanding-technology,CS50's Understanding Technology,,
436,https://www.edx.org/course/introduction-apache-hadoop-linuxfoundationx-lfs103x,Introduction to Apache Hadoop,,
437,https://www.edx.org/course/lean-production-tumx-qpls3x,Lean Production,,
438,https://www.edx.org/course/windows-10-features-for-a-mobile-workforce-configuring-additional-resources,Windows 10 Features for a Mobile Workforce: Configuring Additional Resources,,
439,https://www.edx.org/course/finance-essentials-mba-success-imperialx-icbs002,Finance Essentials for MBA Success,,
440,https://www.edx.org/course/maths-essentials-mba-success-imperialx-icbs003,Maths Essentials for MBA Success,,
441,https://www.edx.org/course/nutrition-and-health-micronutrients-and-malnutrition,Nutrition and Health: Micronutrients and Malnutrition,,
442,https://www.edx.org/course/data-analysis-essentials-mba-success-imperialx-icbs004,Data Analysis Essentials for MBA Success,,
443,https://www.edx.org/course/accounting-essentials-mba-success-imperialx-icbs001,Accounting Essentials for MBA Success,,
444,https://www.edx.org/course/introduction-family-engagement-education-harvardx-gse4x-0,Introduction to Family Engagement in Education,,
445,https://www.edx.org/course/modern-japanese-architecture-meiji-tokyotechx-arch101x-0,Modern Japanese Architecture: From Meiji Restoration to Today,,
446,https://www.edx.org/course/angularjs-framework-fundamentals-microsoft-dev220x-2,AngularJS: Framework Fundamentals,,
447,https://www.edx.org/course/becoming-entrepreneur-mitx-launch-x-3,Becoming an Entrepreneur - MIT,,
448,https://www.edx.org/course/introduction-big-data-microsoft-dat229x,Introduction to Big Data,,
450,https://www.edx.org/course/how-listen-great-music-orchestra-juilliardx-jx006x,How to Listen to Great Music for Orchestra,,
451,https://www.edx.org/course/sharpen-piano-artistry-juilliardx-jx005x,Sharpen Your Piano Artistry,,
452,https://www.edx.org/course/music-theory-101-juilliardx-jx001x,Music Theory 101,,
453,https://www.edx.org/course/introduction-to-web-cartography-part-1,Introduction to Web Cartography: Part 1,,
455,https://www.edx.org/course/reconciliation-through-indigenous-education,Reconciliation Through Indigenous Education,,
456,https://www.edx.org/course/framing-how-politicians-debate-delftx-frame101x-1,Framing: How Politicians Debate,,
457,https://www.edx.org/course/world-wine-grape-glass-adelaidex-wine101x-2,World of Wine: From Grape to Glass,,
458,https://www.edx.org/course/building-interactive-prototypes-using-microsoft-dev279x-1,Building Interactive Prototypes using JavaScript,,
459,https://www.edx.org/course/a-system-view-of-communications-from-signals-to-packets-part-2,A System View of Communications: From Signals to Packets (Part 2),,
460,https://www.edx.org/course/skype-business-infrastructure-advanced-microsoft-cld232x-2,Skype for Business: Infrastructure Advanced Configuration,,
462,https://www.edx.org/course/music-technology-foundations,Music Technology Foundations,,
464,https://www.edx.org/course/architectural-imagination-harvardx-gsd1x,The Architectural Imagination,,
465,https://www.edx.org/course/product-design-for-a-circular-economy,Engineering Design for a Circular Economy,,
466,https://www.edx.org/course/rise-superheroes-impact-pop-culture-smithsonianx-popx1-5x,The Rise of Superheroes and Their Impact On Pop Culture,,
467,https://www.edx.org/course/connecting-learning-data-improve-utarlingtonx-link-la-ssax,Connecting Learning Data to Improve Instructional Design,,
468,https://www.edx.org/course/natural-language-processing-natural-utarlingtonx-link-la-nlx,Natural Language Processing and Natural Language Understanding in Educational Research,,
469,https://www.edx.org/course/supply-chain-management-a-decision-making-framework,Supply Chain Management: A Decision-Making Framework,,
471,https://www.edx.org/course/agile-software-development,Agile Software Development,,
472,https://www.edx.org/course/creating-master-data-solution-sql-server-microsoft-dat226x-1,Creating a Master Data Solution with SQL Server Master Data Services (MDS),,
473,https://www.edx.org/course/introduction-project-management-adelaidex-project101x-1,Introduction to Project Management,,
474,https://www.edx.org/course/big-data-strategies-transform-business-delftx-bd1x,Big Data Strategies to Transform Your Business,,
475,https://www.edx.org/course/knowledge-inference-structure-discovery-utarlingtonx-link-la-sdx,Knowledge Inference and Structure Discovery for Education,,
476,https://www.edx.org/course/introduction-to-management-information-systems-mis-a-survival-guide,Introduction to Management Information Systems (MIS): A Survival Guide,,
477,https://www.edx.org/course/financial-institutions-markets-michiganx-fin403x,Financial Institutions and Markets,,
478,https://www.edx.org/course/human-anatomy-hkpolyux-ana101x-1,Human Anatomy,,
479,https://www.edx.org/course/readings-global-health-harvardx-ph231x-1,Readings in Global Health,,
480,https://www.edx.org/course/microsoft-sharepoint-2016-workload-microsoft-cld211-3x-3,Microsoft SharePoint 2016: Workload Optimization,,
481,https://www.edx.org/course/introduction-urban-geo-informatics-hkpolyux-lsgi1001x,Introduction to Urban Geo-Informatics,,
483,https://www.edx.org/course/dynamics-control-upvalenciax-dc201x-2,Dynamics and Control,,
484,https://www.edx.org/course/introduction-design-thinking-microsoft-dev241x-1,Introduction to Design Thinking,,
485,https://www.edx.org/course/medieval-icelandic-sagas-uicelandx-uoi001x,The Medieval Icelandic Sagas,,
486,https://www.edx.org/course/think-create-code-adelaidex-code101x-3,Think. Create. Code,,
487,https://www.edx.org/course/windows-server-2016-azure-premises-microsoft-inf216x-1,Windows Server 2016: Azure for On-Premises Administrators,,
488,https://www.edx.org/course/pre-university-calculus-delftx-calc001x-2,Pre-University Calculus,,
489,https://www.edx.org/course/healthy-ageing-6-steps-let-environment-delftx-eit001x-0,Healthy Ageing in 6 Steps. Let your environment do the work.,,
490,https://www.edx.org/course/simulation-neuroscience-epflx-simneurox,Simulation Neuroscience,,
491,https://www.edx.org/course/introduction-mechanics-part-1-ricex-phys-101-1x,Introduction to Mechanics, Part 1,
492,https://www.edx.org/course/sustainable-food-security-the-value-of-systems-thinking,Sustainable Food Security: The value of systems thinking,,
493,https://www.edx.org/course/enabling-data-source-discovery-azure-microsoft-dat238x,Enabling Data Source Discovery with Azure Data Catalog,,
494,https://www.edx.org/course/using-python-research-harvardx-ph526x-0,Using Python for Research,,
495,https://www.edx.org/course/introduction-music-theory-berkleex-oharm100x-6,Introduction to Music Theory,,
497,https://www.edx.org/course/mechanics-rotational-dynamics-mitx-8-01-3x-0,Mechanics: Rotational Dynamics,,
498,https://www.edx.org/course/causal-diagrams-draw-assumptions-harvardx-ph559x,Causal Diagrams: Draw Your Assumptions Before Your Conclusions,,
499,https://www.edx.org/course/it-support-documentation-microsoft-cld254x,IT Support: Documentation,,
500,https://www.edx.org/course/probability-distribution-models-continuous-random-variables,Probability: Distribution Models & Continuous Random Variables,,
501,https://www.edx.org/course/intellectual-property-law-policy-part-1-pennx-iplaw1x-0,Intellectual Property Law and Policy: Part 1,,
502,https://www.edx.org/course/introduction-c-microsoft-dev204-1x-1,Introduction to C#,,
504,https://www.edx.org/course/science-everyday-thinking-uqx-think101x-5,The Science of Everyday Thinking,,
505,https://www.edx.org/course/managing-microsoft-exchange-online-microsoft-cld222x-3,Managing Microsoft Exchange Online in Office 365,,
506,https://www.edx.org/course/introduction-node-js-microsoft-dev283x,Introduction to Node.js,,
507,https://www.edx.org/course/academic-business-writing-uc-berkeleyx-colwri2-2x,Academic and Business Writing,,
508,https://www.edx.org/course/tourism-travel-management-uqx-tourismx,Tourism and Travel Management,,
510,https://www.edx.org/course/ap-computer-science-java-programming-purduex-cs180-3x-0,AP Computer Science A: Java Programming Classes and Objects,,
511,https://www.edx.org/course/foundations-of-data-structures,Foundations of Data Structures,,
512,https://www.edx.org/course/implementation-of-data-structures,Implementation of Data Structures,,
513,https://www.edx.org/course/cs50s-introduction-computer-science-harvardx-cs50x,CS50: Introduction to Computer Science,,
514,https://www.edx.org/course/economic-democracy-cooperative-edinburghx-coopsx-0,Economic Democracy: The Cooperative Alternative,,
515,https://www.edx.org/course/reinvent-yourself-unleash-creativity-uthealthsphx-imagine99x-3,Reinvent Yourself: Unleash Your Creativity,,
516,https://www.edx.org/course/fundamentals-biomedical-imaging-magnetic-epflx-fndbioimg2x-0,Fundamentals of Biomedical Imaging: Magnetic Resonance Imaging (MRI),,
517,https://www.edx.org/course/introduction-to-the-music-business,Introduction to the Music Business,,
518,https://www.edx.org/course/the-science-of-weight-loss-dispelling-diet-myths,The Science of Weight Loss: Dispelling Diet Myths,,
519,https://www.edx.org/course/product-design-the-delft-design-approach,Product Design: The Delft Design Approach,,
520,https://www.edx.org/course/design-in-healthcare-using-patient-journey-mapping,Design in Healthcare: Using Patient Journey Mapping,,
521,https://www.edx.org/course/computer-networks-internet-kironx-fhlcnx,Computer Networks and the Internet,,
522,https://www.edx.org/course/system-dynamics-health-sciences-witsx-hsd101x-0,System Dynamics for Health Sciences,,
523,https://www.edx.org/course/batteries-fuel-cells-role-modern-society-urfux-batfuelc2017-0,Batteries, Fuel Cells, and their Role in Modern Society
524,https://www.edx.org/course/introduction-animal-behaviour-wageningenx-ab101x-2,Introduction to Animal Behaviour,,
525,https://www.edx.org/course/a-hands-on-introduction-to-engineering-simulations,A Hands-on Introduction to Engineering Simulations,,
527,https://www.edx.org/course/understanding-nuclear-energy-delftx-nuclear01x-0,Understanding Nuclear Energy,,
528,https://www.edx.org/course/evolution-human-sociality-quest-origin-kyotoux-000x-0,Evolution of the Human Sociality: A Quest for the Origin of Our Social Behavior,,
529,https://www.edx.org/course/research-methods-engineering-approach-witsx-elen7070x-0,Research Methods: An Engineering Approach,,
531,https://www.edx.org/course/it-fundamentals-business-professionals-upvalenciax-isc101-5x,IT Fundamentals for Business Professionals: Social implications,,
532,https://www.edx.org/course/fundamentos-tic-para-profesionales-de-upvalenciax-sic101-1x,Fundamentos TIC para profesionales de negocios: Aplicaciones empresariales,,
533,https://www.edx.org/course/it-fundamentals-business-professionals-upvalenciax-isc101-3x,IT Fundamentals for Business Professionals: Software development,,
538,https://www.edx.org/course/fundamentos-tic-para-profesionales-de-upvalenciax-sic101-5x,Fundamentos TIC para profesionales de negocios: Implicaciones sociales,,
539,https://www.edx.org/course/fundamentos-tic-para-profesionales-de-upvalenciax-sic101-3x,Fundamentos TIC para profesionales de negocios: Desarrollo de Software,,
541,https://www.edx.org/course/fundamentos-tic-para-profesionales-de-upvalenciax-sic101-2x,Fundamentos TIC para profesionales de negocios: Hardware,,
542,https://www.edx.org/course/finance-everyone-smart-tools-decision-michiganx-fin101x-1,Finance for Everyone: Smart Tools for Decision-Making,,
544,https://www.edx.org/course/nuclear-reactor-physics-basics-mephix-mephi005x,Nuclear Reactor Physics Basics,,
545,https://www.edx.org/course/sustainable-food-security-crop-production,Sustainable Food Security: Crop Production,,
546,https://www.edx.org/course/advanced-transport-phenomena-delftx-tp201x-0,Advanced Transport Phenomena,,
547,https://www.edx.org/course/ap-computer-science-java-programming-purduex-cs180-4x-0,AP Computer Science A: Java Programming Polymorphism and Advanced Data Structures,,
548,https://www.edx.org/course/introduction-marketing-tools-set-edinburghx-mktg101x-0,Introduction to Marketing: Tools to Set Enterprises Apart,,
549,https://www.edx.org/course/vocal-recording-technology-berkleex-bmpr365x-3,Vocal Recording Technology,,
550,https://www.edx.org/course/introduction-data-analytics-managers-michiganx-ds120x,Introduction to Data Analytics for Managers,,
551,https://www.edx.org/course/system-design-supply-chain-management-chalmersx-chm005x-0,System Design for Supply Chain Management and Logistics,,
552,https://www.edx.org/course/visualizing-japan-1850s-1930s-harvardx-mitx-vjx-3,Visualizing Japan (1850s-1930s): Westernization, Protest, Modernity
554,https://www.edx.org/course/system-view-communications-signals-hkustx-elec1200-1x-3,A System View of Communications: From Signals to Packets (Part 1),,
555,https://www.edx.org/course/introduction-deep-earth-science-tokyotechx-geos101x,Introduction to Deep Earth Science,,
556,https://www.edx.org/course/capital-markets-key-participants-new-york-institute-finance-cm1-x,Capital Markets and Key Participants,,
559,https://www.edx.org/course/mastering-quantum-mechanics-part-3-entanglement-and-angular-momentum,Mastering Quantum Mechani561,https://www.edx.org/course/future-cities-ethx-fc-01x,Future Cities
562,https://www.edx.org/course/responsive-cities,Responsive Cities,,
563,https://www.edx.org/course/introduction-water-climate-delftx-ctb3300wcx-2,Introduction to Water and Climate,,
566,https://www.edx.org/course/introduction-geometry-schoolyourself-geometryx-1,Introduction to Geometry,,
567,https://www.edx.org/course/laff-linear-algebra-foundations-to-frontiers,Linear Algebra - Foundations to Frontiers,,
568,https://www.edx.org/course/organizational-design-creating-iimbx-ob102x-0,Organizational Design: Creating Competitive Advantage,,
569,https://www.edx.org/course/piano-preludes-bach-chopin-debussy-juilliardx-jx002x,Piano Preludes: Bach, Chopin, and Debussy
570,https://www.edx.org/course/design-thinking-for-leading-and-learning,Design Thinking for Leading and Learning,,
571,https://www.edx.org/course/excel-fundamentos-y-herramientas-upvalenciax-xls101x,Excel: fundamentos y herramientas,,
572,https://www.edx.org/course/drawing-nature-science-culture-natural-newcastlex-nhi101x-1,Drawing Nature, Science and Culture: Natural History Illustration 101,
576,https://www.edx.org/course/programmeren-voor-leerkrachten-met-delftx-scratchtx,Programmeren voor leerkrachten met Scratch,,
577,https://www.edx.org/course/intellectual-property-rights-a-management-perspective,Intellectual Property Rights: A Management Perspective,,
579,https://www.edx.org/course/resilient-future-science-technology-epflx-tech4drr-0,A Resilient Future: Science and Technology for Disaster Risk Reduction,,
580,https://www.edx.org/course/probability-basic-concepts-discrete-random-variables,Probability: Basic Concepts & Discrete Random Variables,,
581,https://www.edx.org/course/micro-nanofabrication-mems-epflx-memsx-0,Micro and Nanofabrication (MEMS),,
582,https://www.edx.org/course/algorithms,Algorithms,,
583,https://www.edx.org/course/how-virtual-reality-vr-works-uc-san-diegox-cse165x-0,How Virtual Reality (VR) Works,,
584,https://www.edx.org/course/design-practice-business-delftx-dpb001x-2,Design Practice in Business,,
585,https://www.edx.org/course/information-communication-technology-ict-gtx-ict100x-0,Information and Communication Technology (ICT) Accessibility,,
586,https://www.edx.org/course/comprendre-la-respiration,Comprendre la respiration,,
587,https://www.edx.org/course/introduction-to-inclusive-talent-acquisition,Introduction to Inclusive Talent Acquisition,,
588,https://www.edx.org/course/mastering-quantum-mechanics-part-2-mitx-8-05-2x-0,Mastering Quantum Mechanics Part 2: Quantum Dynamics,,
589,https://www.edx.org/course/astrophysics-cosmology-anux-anu-astro4x-0,Astrophysics: Cosmology,,
590,https://www.edx.org/course/differential-equations-linear-algebra-and-nxn-systems-of-differential-equations,Differential Equations: Linear Algebra and NxN Systems of Differential Equations,,
591,https://www.edx.org/course/business-model-testing-delftx-bmi-3x-0,Business Model Testing,,
592,https://www.edx.org/course/stochastic-processes-data-analysis-kyotoux-009x-0,Stochastic Processes: Data Analysis and Computer Simulation,,
593,https://www.edx.org/course/plasma-physics-applications-epflx-plasmaapplicationx-0,Plasma Physics: Applications,,
594,https://www.edx.org/course/a-system-view-of-communications-from-signals-to-packets-part-3,A System View of Communications: From Signals to Packets (Part 3),,
595,https://www.edx.org/course/electricity-and-magnetism-magnetic-fields-and-forces,Electricity and Magnetism: Magnetic Fields and Forces,,
596,https://www.edx.org/course/data-for-effective-policy-making,Data for Effective Policy Making,,
599,https://www.edx.org/course/responsible-innovation-ethics-safety-delftx-ri101x-0,Responsible Innovation: Ethics, Safety and Technology,
600,https://www.edx.org/course/rethink-city-new-approaches-global-local-delftx-rtc1-0,Rethink the City: New Approaches to Global and Local Urban Challenges,,
601,https://www.edx.org/course/data-analysis-building-own-business-delftx-ex103x-0,Data Analysis: Building Your Own Business Dashboard,,
602,https://www.edx.org/course/business-model-metrics-and-advanced-tools,Business Model Metrics and Advanced Tools,,
604,https://www.edx.org/course/introduction-italian-opera-dartmouthx-dart-mus-01x-0,Introduction to Italian Opera,,
605,https://www.edx.org/course/electronique-ii,Electronique II,,
607,https://www.edx.org/course/introduction-data-structures-adelaidex-data101x,Introduction to Data Structures,,
608,https://www.edx.org/course/computing-art-magic-science-part-ii-ethx-cams-ii-x,Computing: Art, Magic, Science - Part II
610,https://www.edx.org/course/optimization-methods-business-analytics-mitx-15-053x,Optimization Methods for Business Analytics,,
611,https://www.edx.org/course/introduction-to-the-quran-the-scripture-of-islam,Introduction to the Quran: The Scripture of Islam,,
613,https://www.edx.org/course/managing-addiction-framework-successful-adelaidex-addictionx-0,Managing Addiction: A Framework for Successful Treatment,,
614,https://www.edx.org/course/foundations-computer-science-teachers-utaustinx-ut-wtcs-15-01x-0,Foundations of Computer Science for Teachers,,
615,https://www.edx.org/course/4g-network-essentials-imtx-net02x-0,4G Network Essentials,,
616,https://www.edx.org/course/introduction-algebra-schoolyourself-algebrax-1,Introduction to Algebra,,
617,https://www.edx.org/course/introduction-to-programming-using-python,Introduction to Programming Using Python,,
618,https://www.edx.org/course/teaching-technology-inquiry-open-course-university-torontox-inq101x-0,Teaching With Technology and Inquiry: An Open Course For Teachers,,
619,https://www.edx.org/course/mastering-quantum-mechanics-part-1-wave-mitx-8-05-1x-0,Mastering Quantum Mechanics Part 1: Wave Mechanics,,
621,https://www.edx.org/course/managing-value-customer-relationships-wharton-customervaluex-5,Managing the Value of Customer Relationships,,
623,https://www.edx.org/course/railway-engineering-an-integral-approach,Railway Engineering: An Integral Approach,,
628,https://www.edx.org/course/business-model-implementation-delftx-bmi-4x-0,Business Model Implementation,,
629,https://www.edx.org/course/urban-sewage-treatment-delftx-ctb3365stx-1,Urban Sewage Treatment,,
630,https://www.edx.org/course/entrepreneurial-opportunities-adelaidex-entrep101x-0,Entrepreneurial Opportunities,,
631,https://www.edx.org/course/macroeconomic-diagnostics-imfx-mdsx,Macroeconomic Diagnostics,,
632,https://www.edx.org/course/creative-problem-solving-and-decision-making,Creative Problem Solving and Decision Making,,
634,https://www.edx.org/course/pintura-europea-leonardo-rembrandt-goya-uc3mx-ceh-1-esx-0,Pintura europea: Leonardo, Rembrandt, Goya
635,https://www.edx.org/course/language-revival-securing-future-adelaidex-lang101x-1,Language Revival: Securing the Future of Endangered Languages,,
636,https://www.edx.org/course/book-scrolls-age-book-harvardx-hum1-2x,The Book: Scrolls in the Age of the Book,,
637,https://www.edx.org/course/circular-economy-an-introduction,Circular Economy: An Introduction,,
639,https://www.edx.org/course/introduction-simulation-education-utennesseex-iseh2016x-0,Introduction to Simulation Education in Healthcare,,
641,https://www.edx.org/course/introduction-online-blended-teaching-pennx-volt101x,Introduction to Online and Blended Teaching,,
642,https://www.edx.org/course/jazz-music-stories-players-hamiltonx-music160x-0,Jazz: The Music, The Stories, The Players
643,https://www.edx.org/course/drinking-water-treatment-delftx-ctb3365dwx-2,Drinking Water Treatment,,
644,https://www.edx.org/course/financial-accounting-and-analysis,Financial Accounting and Analysis,,
646,https://www.edx.org/course/caer-o-no-caer-el-secreto-de-las-uc3mx-mmc-1x-0,Caer o No caer. El Secreto de las Estructuras.,,
647,https://www.edx.org/course/mechanical-behavior-materials-part-3-mitx-3-032-3x-1,Mechanical Behavior of Materials, Part 3: Time Dependent Behavior and Failure,
648,https://www.edx.org/course/basics-transport-phenomena-delftx-tp101x-2,The Basics of Transport Phenomena,,
649,https://www.edx.org/course/next-generation-infrastructure-delftx-ngix-1,The Next Generation of Infrastructure,,
653,https://www.edx.org/course/tsunamis-storm-surges-introduction-wasedax-cosdis101x-0,Tsunamis and Storm Surges: Introduction to Coastal Disasters,,
654,https://www.edx.org/course/fundamentals-microeconomics-fundamentos-uc3mx-eco-1x-0,Fundamentals of Microeconomics,,
656,https://www.edx.org/course/smart-cities-ethx-ethx-fc-03x-1,Smart Cities,,
658,https://www.edx.org/course/hospitality-tourism-china-global-hkpolyux-shtm001x,Hospitality and Tourism in China: A Global Perspective,,
659,https://www.edx.org/course/incarcerations-witnesses-american-prison-hamiltonx-eng142x,Incarceration's Witnesses: American Prison Writing,,
660,https://www.edx.org/course/customer-relationship-management-iimbx-mk210x,Customer Relationship Management,,
661,https://www.edx.org/course/flashdiet-aprende-comer-sano-upvalenciax-fdiet101x,FlashDiet: Aprende a comer sano,,
662,https://www.edx.org/course/understanding-venture-capitalists-how-rwthx-vc101x-0,Understanding Venture Capitalists: How to Get Money for Your Start Up,,
666,https://www.edx.org/course/electrotechnique-i-epflx-ee-100bx-1,Electrotechnique I,,
667,https://www.edx.org/course/leadership-engineers-delftx-lfe101x-2,Leadership for Engineers,,
668,https://www.edx.org/course/respiration-in-the-human-body,Respiration in the Human Body,,
669,https://www.edx.org/course/international-business-environment-iimbx-im110x-1,International Business Environment and Global Strategy,,
670,https://www.edx.org/course/fundamentals-communication-acoustics-rwthx-tumx-ca101-1x,Fundamentals of Communication Acoustics,,
671,https://www.edx.org/course/science-religion-ubcx-religionx-0,The Science of Religion,,
672,https://www.edx.org/course/sonido-espacial-y-3d-upvalenciax-s3d201x-0,Sonido Espacial y 3D,,
673,https://www.edx.org/course/ethics-eating-cornellx-phil1440x,The Ethics of Eating,,
674,https://www.edx.org/course/critical-thinking-problem-solving-ritx-skills103x-0,Critical Thinking & Problem-Solving,,
675,https://www.edx.org/course/digitizing-higher-education-utarlingtonx-link-dhex,Digitizing Higher Education,,
676,https://www.edx.org/course/history-violence-middle-ages-modern-newcastlex-hov101x,A History of Violence: From the Middle Ages to Modern Times,,
678,https://www.edx.org/course/approaching-iatrology,Gateway to Medicine: An Introduction to the Field of Medicine,,
680,https://www.edx.org/course/managing-building-adaptation-sustainable-delftx-mba10x,Managing Building Adaptation: A Sustainable Approach,,
681,https://www.edx.org/course/introduction-computational-thinking-data-mitx-6-00-2x-6,Introduction to Computational Thinking and Data Science,,
684,https://www.edx.org/course/robot-mechanics-control-part-i-snux-snu446-345-1x,Robot Mechanics and Control, Part I,
685,https://www.edx.org/course/proteins-biologys-workforce,Proteins: Biology's Workforce,,
686,https://www.edx.org/course/mechanics-momentum-energy-mitx-8-01-2x-0,Mechanics: Momentum and Energy,,
687,https://www.edx.org/course/precalculus-asux-mat170x,Precalculus,,
688,https://www.edx.org/course/foundations-data-analysis-part-1-utaustinx-ut-7-11x-0,Foundations of Data Analysis - Part 1: Statistics Using R,,
689,https://www.edx.org/course/inspiring-and-motivating-arts-and-culture-teams,Inspiring and Motivating Arts and Culture Teams,,
690,https://www.edx.org/course/ap-computer-science-java-programming-purduex-cs180-1x-0,AP Computer Science A: Java Programming,,
691,https://www.edx.org/course/nutrition-health-human-microbiome-wageningenx-nutr104x,Nutrition and Health: Human Microbiome,,
692,https://www.edx.org/course/chasing-dream-how-end-procrastination-mephix-mephi012x,Chasing your Dream: How to End Procrastination and Get a Job You Love,,
693,https://www.edx.org/course/power-responsibility-doing-philosophy-smithsonianx-phil1-1x,Power and Responsibility: Doing Philosophy with Superheroes,,
694,https://www.edx.org/course/terrorism-counterterrorism-introduction-georgetownx-guix-501-04x-0,Terrorism and Counterterrorism: An Introduction,,
695,https://www.edx.org/course/chemistry-life-kyotoux-001x-2,The Chemistry of Life,,
696,https://www.edx.org/course/quantum-information-science-i-part-2-mitx-8-370-2x,Quantum Information Science I, Part 2,
698,https://www.edx.org/course/programming-scratch-harveymuddx-cs002x-1,Programming in Scratch,,
